achain,ACT
aidcoin,AID
bloom,BLT
credits,CS
decent,DCT
decred,DCR
dock,DOCK
ecobit,ECOB
electroneum,ETN
energi-token,ETK
ethlend,LEND
everex,EVX
experty,EXY
factom,FCT
fairgame,FAIR
gifto,GTO
gridcoin-research,GRC
holotoken,HOT
kora-network,KNT
maidsafecoin,MAID
medicalchain,MTN
modum,MOD
moeda-loyalty-points,MDA
mysterium,MYST
nebulas,NAS
omisego,OMG
pillar,PLR
po.et,POE
power-ledger,POWR
restart-energy,MWAT
ripio-credit-network,RCN
stellar,XLM
substratum,SUB
swarm-city,SWT
te-food,TFD
vechain,VET
wepower,WPR
